Location,Cruise,Latitude,Longitude,Date_Time,Temp,Sal,DO,Depth,pH,Sigma_t
Well 7,1,32.7069,79.6611,6/7/18 10:10,27.52,33.74,6.49,0.14,7.99,21.63
Well 7,1,32.7069,79.6611,6/7/18 10:11,27.32,33.93,6.45,0.87,8.01,21.84
Well 7,1,32.7069,79.6611,6/7/18 10:12,27.35,34.66,6.24,1.99,8.01,22.37
Well 7,1,32.7069,79.6611,6/7/18 10:12,27.32,34.81,6.14,3.12,8.01,22.5
Well 7,1,32.7069,79.6611,6/7/18 10:12,27.28,34.91,6.05,4.13,8.01,22.58
Well 7,1,32.7069,79.6611,6/7/18 10:13,26.6,35.53,5.94,5.54,8,23.27
Well 7,1,32.7069,79.6611,6/7/18 10:13,25.84,35.91,5.69,6.15,7.98,23.79
Well 7,1,32.7069,79.6611,6/7/18 10:13,25.81,35.92,5.52,7.28,7.98,23.81
Well 7,1,32.7069,79.6611,6/7/18 10:14,25.84,35.91,5.43,5.88,7.98,23.79
Well 7,1,32.7069,79.6611,6/7/18 10:14,26.78,35.42,5.67,4.87,8.02,23.13
Well 7,1,32.7069,79.6611,6/7/18 10:15,27.26,34.93,5.72,3.92,8.03,22.61
Well 7,1,32.7069,79.6611,6/7/18 10:15,27.33,34.81,5.75,2.9,8.04,22.49
Well 7,1,32.7069,79.6611,6/7/18 10:15,27.35,34.68,5.78,1.87,8.04,22.39
Well 7,1,32.7069,79.6611,6/7/18 10:15,27.33,34.36,5.81,0.96,8.04,22.16
Well 7,1,32.7069,79.6611,6/7/18 10:16,27.39,33.83,5.88,0.11,8.05,21.74
Well 12,1,32.7266,79.6151,6/7/18 12:38,27.85,33.79,4.88,0.16,8,21.56
Well 12,1,32.7266,79.6151,6/7/18 12:39,27.99,33.5,5.32,0.79,8.02,21.3
Well 12,1,32.7266,79.6151,6/7/18 12:39,27.47,34.01,5.31,1.71,8.02,21.85
Well 12,1,32.7266,79.6151,6/7/18 12:39,27.21,34.48,5.17,3.04,8.02,22.28
Well 12,1,32.7266,79.6151,6/7/18 12:39,27.16,34.84,5.08,4.01,8.02,22.57
Well 12,1,32.7266,79.6151,6/7/18 12:39,27.08,35.02,4.99,5.12,8.02,22.73
Well 12,1,32.7266,79.6151,6/7/18 12:40,26.89,35.2,4.88,5.71,8.01,22.93
Well 12,1,32.7266,79.6151,6/7/18 12:40,26.42,35.43,4.71,7.13,8.01,23.25
Well 12,1,32.7266,79.6151,6/7/18 12:40,25.32,35.99,4.47,8.07,8.02,24.01
Well 12,1,32.7266,79.6151,6/7/18 12:40,24.94,36.22,4.53,9.09,8.03,24.3
Well 12,1,32.7266,79.6151,6/7/18 12:40,24.89,36.25,4.49,9.99,8.03,24.34
Well 12,1,32.7266,79.6151,6/7/18 12:41,24.88,36.26,4.4,10.56,8.03,24.35
Well 12,1,32.7266,79.6151,6/7/18 12:41,24.88,36.27,4.41,11.85,8.03,24.36
Well 12,1,32.7266,79.6151,6/7/18 12:41,24.88,36.27,4.39,11.71,8.03,24.36
Well 12,1,32.7266,79.6151,6/7/18 12:41,24.88,36.26,4.43,11.01,8.03,24.35
Well 12,1,32.7266,79.6151,6/7/18 12:41,24.88,36.26,4.43,9.79,8.03,24.35
Well 12,1,32.7266,79.6151,6/7/18 12:42,24.88,36.26,4.5,8.57,8.03,24.35
Well 12,1,32.7266,79.6151,6/7/18 12:42,25.03,36.18,4.51,7.78,8.02,24.25
Well 12,1,32.7266,79.6151,6/7/18 12:43,26.63,35.4,4.58,6.11,8.01,23.16
Well 12,1,32.7266,79.6151,6/7/18 12:43,26.88,35.28,4.71,4.99,8.02,22.99
Well 12,1,32.7266,79.6151,6/7/18 12:43,27.08,35.07,4.75,3.55,8.02,22.77
Well 12,1,32.7266,79.6151,6/7/18 12:43,27.18,34.72,4.79,2.63,8.03,22.47
Well 12,1,32.7266,79.6151,6/7/18 12:43,27.23,34.43,4.81,1.2,8.03,22.24
Well 12,1,32.7266,79.6151,6/7/18 12:44,27.32,34.14,4.87,0.84,8.04,21.99
Well 12,1,32.7266,79.6151,6/7/18 12:44,27.72,34,4.88,0.1,8.04,21.76
Well 12,2,32.7266,79.6151,8/7/18 10:01,27.88,34.16,7.35,0.05,8.04,21.83
Well 12,2,32.7266,79.6151,8/7/18 10:02,27.75,34.15,6.73,0.92,8.06,21.86
Well 12,2,32.7266,79.6151,8/7/18 10:03,27.77,34.46,6.44,2.19,8.06,22.09
Well 12,2,32.7266,79.6151,8/7/18 10:03,27.53,35.09,6.07,3.16,8.05,22.64
Well 12,2,32.7266,79.6151,8/7/18 10:04,26.26,35.97,5.43,4.07,8.06,23.71
Well 12,2,32.7266,79.6151,8/7/18 10:05,25.62,36.23,5.08,5.1,8.06,24.1
Well 12,2,32.7266,79.6151,8/7/18 10:06,25.43,36.31,4.95,6.06,8.06,24.22
Well 12,2,32.7266,79.6151,8/7/18 10:07,25.33,36.35,4.93,7.01,8.06,24.28
Well 12,2,32.7266,79.6151,8/7/18 10:07,25.32,36.35,4.95,8.08,8.07,24.29
Well 12,2,32.7266,79.6151,8/7/18 10:09,25.33,36.35,5.01,9.08,8.07,24.28
Well 12,2,32.7266,79.6151,8/7/18 10:10,25.33,36.34,5.08,9.59,8.07,24.28
Well 12,2,32.7266,79.6151,8/7/18 10:11,25.32,36.35,5.11,9.05,8.07,24.29
Well 12,2,32.7266,79.6151,8/7/18 10:12,25.32,36.35,5.15,7.92,8.07,24.29
Well 12,2,32.7266,79.6151,8/7/18 10:12,25.33,36.35,5.18,7,8.07,24.28
Well 12,2,32.7266,79.6151,8/7/18 10:13,25.42,36.31,5.25,6.05,8.07,24.23
Well 12,2,32.7266,79.6151,8/7/18 10:14,25.59,36.25,5.35,5.09,8.08,24.13
Well 12,2,32.7266,79.6151,8/7/18 10:16,25.93,36.11,5.6,4.15,8.08,23.92
Well 12,2,32.7266,79.6151,8/7/18 10:16,27.53,35.24,6.05,2.95,8.08,22.75
Well 12,2,32.7266,79.6151,8/7/18 10:17,27.67,34.66,6.27,1.91,8.08,22.27
Well 12,2,32.7266,79.6151,8/7/18 10:17,27.77,34.24,6.42,0.97,8.09,21.92
Well 12,2,32.7266,79.6151,8/7/18 10:18,28.03,34.19,6.51,-0.02,8.09,21.8
Well 14,2,32.7479,79.5692,8/7/18 13:19,28.57,34,5.51,-0.08,8.04,21.48
Well 14,2,32.7479,79.5692,8/7/18 13:21,28.53,34.01,5.55,0.9,8.05,21.5
Well 14,2,32.7479,79.5692,8/7/18 13:21,28.25,34.32,5.51,2.05,8.05,21.83
Well 14,2,32.7479,79.5692,8/7/18 13:22,28.09,34.85,5.44,2.94,8.04,22.28
Well 14,2,32.7479,79.5692,8/7/18 13:22,27.84,35.14,5.38,3.95,8.04,22.58
Well 14,2,32.7479,79.5692,8/7/18 13:23,27.29,35.6,5.19,4.91,8.05,23.1
Well 14,2,32.7479,79.5692,8/7/18 13:24,25.86,36.14,4.88,5.94,8.04,23.96
Well 14,2,32.7479,79.5692,8/7/18 13:25,25.36,36.33,4.74,7.1,8.04,24.26
Well 14,2,32.7479,79.5692,8/7/18 13:25,25.01,36.45,4.68,8.1,8.04,24.46
Well 14,2,32.7479,79.5692,8/7/18 13:26,24.99,36.45,4.73,8.87,8.04,24.46
Well 14,2,32.7479,79.5692,8/7/18 13:26,24.98,36.46,4.79,10.05,8.05,24.47
Well 14,2,32.7479,79.5692,8/7/18 13:27,24.98,36.46,4.84,11.07,8.05,24.47
Well 14,2,32.7479,79.5692,8/7/18 13:28,24.98,36.46,4.9,11.87,8.05,24.47
Well 14,2,32.7479,79.5692,8/7/18 13:28,24.98,36.46,4.93,12.73,8.05,24.47
Well 15,2,32.7878,79.5947,8/7/18 14:36,28.17,6.66,6.73,-0.1,8.05,1.22
Well 15,2,32.7878,79.5947,8/7/18 14:37,28.16,34.59,5.78,0.98,8.06,22.06
Well 15,2,32.7878,79.5947,8/7/18 14:37,28.08,34.63,5.74,1.95,8.06,22.11
Well 15,2,32.7878,79.5947,8/7/18 14:38,27.81,34.77,5.64,3.13,8.06,22.31
Well 15,2,32.7878,79.5947,8/7/18 14:39,25.94,36.15,5.04,3.9,8.05,23.94
Well 15,2,32.7878,79.5947,8/7/18 14:40,25.87,36.17,5.01,4.71,8.05,23.98
Well 15,2,32.7878,79.5947,8/7/18 14:40,25.69,36.24,5.01,5.82,8.06,24.09
Well 15,2,32.7878,79.5947,8/7/18 14:41,25.54,36.3,4.99,7.01,8.06,24.18
Well 15,2,32.7878,79.5947,8/7/18 14:41,25.52,36.31,5,8.01,8.06,24.19
Well 15,2,32.7878,79.5947,8/7/18 14:42,25.5,36.31,5.01,9.07,8.05,24.2
Well 15,2,32.7878,79.5947,8/7/18 14:42,25.5,36.32,5.03,9.92,8.05,24.21
Well 15,2,32.7878,79.5947,8/7/18 14:42,25.5,36.32,5.03,11.05,8.05,24.21
Well 15,2,32.7878,79.5947,8/7/18 14:43,25.5,36.32,5.04,12.13,8.05,24.21
Well 15,2,32.7878,79.5947,8/7/18 14:43,25.5,36.31,5.06,12.15,8.05,24.2
Well 7,3,32.7069,79.6611,10/15/18 14:11,26.64,28.28,6.06,0.25,8.12,17.81
Well 7,3,32.7069,79.6611,10/15/18 14:11,26.65,28.24,5.75,0.49,8.12,17.78
Well 7,3,32.7069,79.6611,10/15/18 14:12,26.59,28.24,5.83,0.83,8.11,17.8
Well 7,3,32.7069,79.6611,10/15/18 14:12,26.22,28.34,5.81,1.73,8.09,17.99
Well 7,3,32.7069,79.6611,10/15/18 14:12,25.92,29.51,5.73,3.14,8.13,18.95
Well 7,3,32.7069,79.6611,10/15/18 14:14,26.06,29.51,5.8,2.93,8.12,18.91
Well 7,3,32.7069,79.6611,10/15/18 14:14,25.96,29.74,5.91,4.13,8.13,19.12
Well 7,3,32.7069,79.6611,10/15/18 14:14,26.27,31.59,5.92,4.95,8.09,20.41
Well 7,3,32.7069,79.6611,10/15/18 14:14,26.9,31.84,5.88,6.16,8.03,20.4
Well 7,3,32.7069,79.6611,10/15/18 14:15,26.99,31.94,5.46,7.12,8,20.45
Well 7,3,32.7069,79.6611,10/15/18 14:15,27.09,32.08,5.25,7.9,7.99,20.52
Well 7,3,32.7069,79.6611,10/15/18 14:15,27.08,32.13,5.11,8.72,7.99,20.56
Well 7,3,32.7069,79.6611,10/15/18 14:15,27.07,32.16,5.09,9.99,7.99,20.59
Well 7,3,32.7069,79.6611,10/15/18 14:16,27.08,32.24,5.08,11.06,7.99,20.64
Well 7,3,32.7069,79.6611,10/15/18 14:16,27.08,32.25,5.09,10.81,8,20.65
Well 7,3,32.7069,79.6611,10/15/18 14:16,27.08,32.23,5.11,9.88,7.99,20.64
Well 7,3,32.7069,79.6611,10/15/18 14:16,27.07,32.15,5.12,9.05,8,20.58
Well 7,3,32.7069,79.6611,10/15/18 14:16,27.09,32.11,5.14,8.28,7.99,20.54
Well 7,3,32.7069,79.6611,10/15/18 14:16,27.1,32.05,5.16,6.78,7.99,20.49
Well 7,3,32.7069,79.6611,10/15/18 14:17,27.05,31.93,5.15,5.95,8,20.42
Well 7,3,32.7069,79.6611,10/15/18 14:17,26.6,30.48,5.16,4.83,8.04,19.47
Well 12,3,32.7266,79.6151,10/15/18 10:05,25.63,28.81,8.92,-0.06,8.09,18.52
Well 12,3,32.7266,79.6151,10/15/18 10:07,25.62,28.84,7.4,0.58,8.14,18.54
Well 12,3,32.7266,79.6151,10/15/18 10:07,25.64,28.83,6.72,1.33,8.13,18.53
Well 12,3,32.7266,79.6151,10/15/18 10:08,25.69,29.07,6.88,2.07,8.12,18.69
Well 12,3,32.7266,79.6151,10/15/18 10:08,25.82,29.71,6.93,2.65,8.11,19.14
Well 12,3,32.7266,79.6151,10/15/18 10:08,26.17,30.72,6.86,3.88,8.07,19.79
Well 12,3,32.7266,79.6151,10/15/18 10:08,26.72,32.29,6.63,5.5,8.03,20.79
Well 12,3,32.7266,79.6151,10/15/18 10:08,27.02,32.16,6.42,5.8,8,20.6
Well 12,3,32.7266,79.6151,10/15/18 10:09,27.04,32.18,6.1,7.05,8,20.61
Well 12,3,32.7266,79.6151,10/15/18 10:09,27.02,32.27,5.88,8.21,8,20.68
Well 12,3,32.7266,79.6151,10/15/18 10:09,27.02,32.5,5.82,8.91,8,20.86
Well 12,3,32.7266,79.6151,10/15/18 10:09,27.02,32.61,5.77,10.07,8.01,20.94
Well 12,3,32.7266,79.6151,10/15/18 10:10,27.03,32.62,5.7,10.06,8.01,20.94
Well 12,3,32.7266,79.6151,10/15/18 10:10,27.03,32.61,5.66,9.11,8.01,20.94
Well 12,3,32.7266,79.6151,10/15/18 10:10,27.03,32.27,5.7,8.17,8.01,20.68
Well 12,3,32.7266,79.6151,10/15/18 10:10,27.03,32.24,5.71,7.05,8,20.66
Well 12,3,32.7266,79.6151,10/15/18 10:10,27.05,32.16,5.7,5.78,8,20.59
Well 12,3,32.7266,79.6151,10/15/18 10:11,26.87,32.12,5.67,4.79,8.01,20.62
Well 12,3,32.7266,79.6151,10/15/18 10:11,26.48,29.86,5.86,3.65,8.05,19.05
Well 12,3,32.7266,79.6151,10/15/18 10:11,26.06,29.76,5.93,2.82,8.08,19.1
Well 12,3,32.7266,79.6151,10/15/18 10:11,25.79,28.78,6.23,1.67,8.11,18.45
Well 12,3,32.7266,79.6151,10/15/18 10:11,25.66,28.83,6.53,0.94,8.12,18.52
Well 12,3,32.7266,79.6151,10/15/18 10:12,25.65,28.82,6.7,0.46,8.12,18.52
Well 12,3,32.7266,79.6151,10/15/18 10:12,25.65,28.82,6.83,0.08,8.13,18.52
Well 11,4,32.7671,79.6414,11/19/18 16:02,19.04,10.3,2.12,-0.11,8.24,6.3
Well 11,4,32.7671,79.6414,11/19/18 16:03,18.14,31.31,0.47,0.56,8.21,22.44
Well 11,4,32.7671,79.6414,11/19/18 16:03,18.03,31.23,0.49,1.09,8.2,22.41
Well 11,4,32.7671,79.6414,11/19/18 16:03,17.5,31.33,0.47,2.15,8.19,22.61
Well 11,4,32.7671,79.6414,11/19/18 16:03,17.31,31.41,0.44,2.99,8.18,22.72
Well 11,4,32.7671,79.6414,11/19/18 16:03,17.29,31.44,0.45,3.96,8.17,22.74
Well 11,4,32.7671,79.6414,11/19/18 16:04,17.3,31.45,0.45,4.85,8.16,22.75
Well 11,4,32.7671,79.6414,11/19/18 16:04,17.3,31.45,0.45,6.2,8.16,22.75
Well 11,4,32.7671,79.6414,11/19/18 16:04,17.3,31.46,0.45,7.12,8.15,22.76
Well 11,4,32.7671,79.6414,11/19/18 16:04,17.3,31.46,0.46,7.82,8.15,22.76
Well 11,4,32.7671,79.6414,11/19/18 16:04,17.3,31.46,0.45,9.09,8.14,22.76
Well 11,4,32.7671,79.6414,11/19/18 16:05,17.3,31.46,0.46,10.13,8.14,22.76
Well 11,4,32.7671,79.6414,11/19/18 16:05,17.3,31.46,0.46,10.9,8.14,22.76
Well 11,4,32.7671,79.6414,11/19/18 16:05,17.3,31.45,0.47,11.46,8.13,22.75
Well 11,4,32.7671,79.6414,11/19/18 16:05,17.3,31.45,0.46,11.19,8.13,22.75
Well 11,4,32.7671,79.6414,11/19/18 16:05,17.3,31.45,0.47,10.64,8.13,22.75
Well 11,4,32.7671,79.6414,11/19/18 16:05,17.3,31.46,0.47,9.38,8.13,22.76
Well 11,4,32.7671,79.6414,11/19/18 16:06,17.3,31.46,0.48,8.55,8.13,22.76
Well 11,4,32.7671,79.6414,11/19/18 16:06,17.3,31.46,0.49,7.43,8.13,22.76
Well 11,4,32.7671,79.6414,11/19/18 16:06,17.3,31.46,0.49,6.15,8.13,22.76
Well 11,4,32.7671,79.6414,11/19/18 16:06,17.3,31.46,0.51,5.28,8.13,22.76
Well 11,4,32.7671,79.6414,11/19/18 16:07,17.3,31.45,0.51,4.51,8.13,22.75
Well 11,4,32.7671,79.6414,11/19/18 16:07,17.3,31.46,0.52,3.63,8.14,22.76
Well 11,4,32.7671,79.6414,11/19/18 16:07,17.3,31.46,0.52,2.23,8.13,22.76
Well 11,4,32.7671,79.6414,11/19/18 16:08,17.36,31.38,0.57,2.02,8.15,22.68
Well 11,4,32.7671,79.6414,11/19/18 16:08,18.07,31.32,0.63,0.93,8.16,22.47
Well 11,4,32.7671,79.6414,11/19/18 16:08,18.08,31.33,0.65,0.24,8.16,22.47
Well 11,4,32.7671,79.6414,11/19/18 16:09,18.09,31.33,0.66,-0.12,8.16,22.47
Well 12,4,32.7266,79.6151,11/19/18 10:07,17.5,31.81,0.02,0.01,8.02,22.98
Well 12,4,32.7266,79.6151,11/19/18 10:08,17.5,31.81,0.02,0.48,8.04,22.98
Well 12,4,32.7266,79.6151,11/19/18 10:08,17.5,31.8,0.02,1.09,8.04,22.97
Well 12,4,32.7266,79.6151,11/19/18 10:08,17.5,31.8,0.03,1.93,8.05,22.97
Well 12,4,32.7266,79.6151,11/19/18 10:09,17.52,31.84,0.03,3.01,8.05,23
Well 12,4,32.7266,79.6151,11/19/18 10:09,17.56,31.87,0.02,3.96,8.06,23.01
Well 12,4,32.7266,79.6151,11/19/18 10:09,17.6,31.9,0.02,5.07,8.06,23.02
Well 12,4,32.7266,79.6151,11/19/18 10:09,17.66,31.98,0.02,6.25,8.07,23.07
Well 12,4,32.7266,79.6151,11/19/18 10:10,17.72,32.03,0.03,7.09,8.07,23.09
Well 12,4,32.7266,79.6151,11/19/18 10:10,17.8,32.07,0.03,7.98,8.08,23.1
Well 12,4,32.7266,79.6151,11/19/18 10:10,17.82,32.08,0.03,8.77,8.09,23.11
Well 12,4,32.7266,79.6151,11/19/18 10:10,17.83,32.08,0.03,9.61,8.1,23.11
Well 12,4,32.7266,79.6151,11/19/18 10:11,17.83,32.08,0.03,9.44,8.1,23.11
Well 12,4,32.7266,79.6151,11/19/18 10:11,17.83,32.08,0.03,9,8.1,23.11
Well 12,4,32.7266,79.6151,11/19/18 10:11,17.82,32.07,0.03,7.85,8.11,23.1
Well 12,4,32.7266,79.6151,11/19/18 10:11,17.81,32.05,0.03,6.54,8.11,23.09
Well 12,4,32.7266,79.6151,11/19/18 10:11,17.77,32.01,0.03,5.8,8.11,23.07
Well 12,4,32.7266,79.6151,11/19/18 10:11,17.67,31.91,0.03,4.67,8.11,23.01
Well 12,4,32.7266,79.6151,11/19/18 10:11,17.6,31.86,0.03,3.8,8.11,22.99
Well 12,4,32.7266,79.6151,11/19/18 10:12,17.55,31.83,0.03,2.96,8.11,22.98
Well 12,4,32.7266,79.6151,11/19/18 10:12,17.52,31.81,0.03,2.03,8.11,22.97
Well 12,4,32.7266,79.6151,11/19/18 10:12,17.51,31.81,0.03,0.69,8.11,22.98
Well 12,4,32.7266,79.6151,11/19/18 10:12,17.51,31.81,0.03,0.28,8.11,22.98
Well 12,4,32.7266,79.6151,11/19/18 10:12,17.52,31.81,0.03,-0.04,8.11,22.97
Well 07,5,32.7069,79.6611,4/29/19 9:16,20.82,32.92,-10.73,0.03,6.82,22.99
Well 07,5,32.7069,79.6611,4/29/19 9:17,20.69,33.05,6.35,0.85,7.71,23.12
Well 07,5,32.7069,79.6611,4/29/19 9:18,20.63,31.46,6.16,-0.03,7.85,21.93
Well 07,5,32.7069,79.6611,4/29/19 9:19,20.54,33.17,6.44,1.04,7.87,23.25
Well 07,5,32.7069,79.6611,4/29/19 9:19,20.56,34.36,6.39,2.17,7.87,24.15
Well 07,5,32.7069,79.6611,4/29/19 9:19,20.56,34.51,6.51,2.87,7.89,24.26
Well 07,5,32.7069,79.6611,4/29/19 9:19,20.55,32.86,6.59,4.06,7.9,23.01
Well 07,5,32.7069,79.6611,4/29/19 9:20,20.49,33.41,6.55,4.99,7.91,23.45
Well 07,5,32.7069,79.6611,4/29/19 9:20,20.39,35.35,6.36,5.85,7.93,24.95
Well 07,5,32.7069,79.6611,4/29/19 9:20,20.36,35.46,6.46,7.12,7.95,25.04
Well 07,5,32.7069,79.6611,4/29/19 9:20,20.33,35.5,6.47,8,7.96,25.08
Well 07,5,32.7069,79.6611,4/29/19 9:21,20.33,35.51,6.43,9.23,7.97,25.08
Well 07,5,32.7069,79.6611,4/29/19 9:21,20.32,35.52,6.4,10.12,7.97,25.09
Well 07,5,32.7069,79.6611,4/29/19 9:21,20.32,35.52,6.34,10.91,7.98,25.09
Well 07,5,32.7069,79.6611,4/29/19 9:21,20.32,35.52,6.34,10.69,7.99,25.09
Well 07,5,32.7069,79.6611,4/29/19 9:22,20.32,33.79,6.36,9.98,7.99,23.78
Well 07,5,32.7069,79.6611,4/29/19 9:22,20.32,35.51,6.3,8.81,8,25.09
Well 07,5,32.7069,79.6611,4/29/19 9:22,20.33,35.49,6.24,7.83,8,25.07
Well 07,5,32.7069,79.6611,4/29/19 9:22,20.35,35.47,6.29,6.89,8,25.05
Well 07,5,32.7069,79.6611,4/29/19 9:23,20.37,35.39,6.27,5.83,8,24.98
Well 07,5,32.7069,79.6611,4/29/19 9:23,20.43,35.14,6.36,4.84,8,24.78
Well 07,5,32.7069,79.6611,4/29/19 9:23,20.54,34.58,6.38,3.99,8,24.32
Well 07,5,32.7069,79.6611,4/29/19 9:23,20.55,34.54,6.4,2.82,8,24.29
Well 07,5,32.7069,79.6611,4/29/19 9:24,20.56,34.39,6.4,1.92,7.99,24.17
Well 07,5,32.7069,79.6611,4/29/19 9:24,20.55,31.57,6.46,0.72,7.99,22.03
Well 07,5,32.7069,79.6611,4/29/19 9:24,20.62,33.24,6.46,-0.04,7.99,23.28
Well 09,5,32.7564,79.6632,4/29/19 16:29,22.44,34.13,8.11,-0.04,7.75,23.46
Well 09,5,32.7564,79.6632,4/29/19 16:30,22.11,34.07,5.73,1.05,7.87,23.51
Well 09,5,32.7564,79.6632,4/29/19 16:30,21.72,32.35,6,2.24,7.88,22.31
Well 09,5,32.7564,79.6632,4/29/19 16:30,21.29,33.75,6.1,3.28,7.9,23.49
Well 09,5,32.7564,79.6632,4/29/19 16:30,20.7,34.04,6.29,4.35,7.92,23.87
Well 09,5,32.7564,79.6632,4/29/19 16:30,20.54,32.61,6.37,5.05,7.93,22.82
Well 09,5,32.7564,79.6632,4/29/19 16:30,20.52,34.55,6.3,5.67,7.93,24.3
Well 09,5,32.7564,79.6632,4/29/19 16:31,20.47,35.19,6.31,7.22,7.95,24.8
Well 09,5,32.7564,79.6632,4/29/19 16:31,20.43,35.22,6.27,8.4,7.96,24.84
Well 09,5,32.7564,79.6632,4/29/19 16:31,20.42,35.23,6.28,9.29,7.97,24.85
Well 09,5,32.7564,79.6632,4/29/19 16:31,20.41,35.26,6.21,10.57,7.97,24.87
Well 09,5,32.7564,79.6632,4/29/19 16:31,20.41,35.27,6.38,11.56,7.98,24.88
Well 11,5,32.7671,79.6414,4/29/19 15:16,21.82,33.27,-2.45,-0.03,7.7,22.98
Well 11,5,32.7671,79.6414,4/29/19 15:16,21.82,33.28,3.52,-0.02,7.71,22.99
Well 11,5,32.7671,79.6414,4/29/19 15:17,21.85,0.01,13.2,-0.05,7.81,-2.13
Well 11,5,32.7671,79.6414,4/29/19 15:17,21.97,33.4,8.51,-0.03,7.84,23.04
Well 11,5,32.7671,79.6414,4/29/19 15:17,21.67,33.16,5.65,1.01,7.92,22.94
Well 11,5,32.7671,79.6414,4/29/19 15:17,21.52,33.15,5.98,2.13,7.93,22.97
Well 11,5,32.7671,79.6414,4/29/19 15:18,21.1,33.52,6.25,2.98,7.93,23.37
Well 11,5,32.7671,79.6414,4/29/19 15:18,20.72,33.96,6.31,3.78,7.94,23.8
Well 11,5,32.7671,79.6414,4/29/19 15:18,20.49,34.21,6.29,4.82,7.95,24.05
Well 11,5,32.7671,79.6414,4/29/19 15:18,20.44,33.23,6.43,6.15,7.95,23.32
Well 11,5,32.7671,79.6414,4/29/19 15:18,20.43,35.06,6.36,6.91,7.97,24.72
Well 11,5,32.7671,79.6414,4/29/19 15:19,20.42,35.18,6.35,8.1,7.98,24.81
Well 11,5,32.7671,79.6414,4/29/19 15:19,20.41,35.2,6.33,9.23,7.98,24.83
Well 11,5,32.7671,79.6414,4/29/19 15:19,20.41,35.2,6.34,10.12,7.99,24.83
Well 11,5,32.7671,79.6414,4/29/19 15:19,20.41,35.2,6.35,10.88,7.99,24.83
Well 11,5,32.7671,79.6414,4/29/19 15:19,20.41,35.19,6.37,10.67,7.99,24.82
Well 11,5,32.7671,79.6414,4/29/19 15:20,20.41,35.2,6.35,9.75,8,24.83
Well 11,5,32.7671,79.6414,4/29/19 15:20,20.41,35.19,6.37,8.81,8,24.82
Well 11,5,32.7671,79.6414,4/29/19 15:20,20.41,35.19,6.36,8.08,8,24.82
Well 11,5,32.7671,79.6414,4/29/19 15:20,20.42,35.07,6.43,7.01,8,24.73
Well 11,5,32.7671,79.6414,4/29/19 15:20,20.44,33.22,6.4,6.25,8,23.31
Well 11,5,32.7671,79.6414,4/29/19 15:21,20.42,34.4,6.31,5.32,8,24.22
Well 11,5,32.7671,79.6414,4/29/19 15:21,20.45,34.2,6.37,4.39,8,24.06
Well 11,5,32.7671,79.6414,4/29/19 15:21,20.56,34.07,6.35,3.78,8,23.93
Well 11,5,32.7671,79.6414,4/29/19 15:21,20.95,33.49,6.43,2.88,8,23.38
Well 11,5,32.7671,79.6414,4/29/19 15:22,20.91,33.55,6.47,2.97,8,23.44
Well 11,5,32.7671,79.6414,4/29/19 15:22,21.24,33.42,6.43,1.94,8,23.25
Well 11,5,32.7671,79.6414,4/29/19 15:22,21.78,33.21,6.52,0.97,7.99,22.95
Well 11,5,32.7671,79.6414,4/29/19 15:22,21.92,2.1,7.85,-0.05,7.99,-0.56
Well 12,5,32.7266,79.6151,4/29/19 10:48,21.29,32.42,-7.23,0.02,7.72,22.48
Well 12,5,32.7266,79.6151,4/29/19 10:49,20.83,34.07,6.03,1.02,7.83,23.86
Well 12,5,32.7266,79.6151,4/29/19 10:49,20.6,34.22,6.28,2.15,7.87,24.03
Well 12,5,32.7266,79.6151,4/29/19 10:49,20.54,34.27,6.37,2.88,7.89,24.09
Well 12,5,32.7266,79.6151,4/29/19 10:49,20.54,34.32,6.38,3.95,7.91,24.12
Well 12,5,32.7266,79.6151,4/29/19 10:50,20.55,34.47,6.35,4.85,7.92,24.23
Well 12,5,32.7266,79.6151,4/29/19 10:50,20.52,34.73,6.37,6.09,7.94,24.44
Well 12,5,32.7266,79.6151,4/29/19 10:50,20.31,35.52,6.4,6.85,7.96,25.1
Well 12,5,32.7266,79.6151,4/29/19 10:50,20.3,35.63,6.3,8.33,7.97,25.18
Well 12,5,32.7266,79.6151,4/29/19 10:51,20.28,35.65,6.31,9.57,7.98,25.2
Well 12,5,32.7266,79.6151,4/29/19 10:51,20.29,35.64,6.31,9.8,8,25.19
Well 12,5,32.7266,79.6151,4/29/19 10:52,20.28,35.65,6.33,8.78,8.01,25.2
Well 12,5,32.7266,79.6151,4/29/19 10:52,20.28,35.63,6.35,7.66,8.02,25.19
Well 12,5,32.7266,79.6151,4/29/19 10:52,20.34,35.48,6.29,7.09,8.02,25.06
Well 12,5,32.7266,79.6151,4/29/19 10:53,20.48,34.82,6.34,5.92,8.02,24.52
Well 12,5,32.7266,79.6151,4/29/19 10:53,20.53,34.42,6.39,5.06,8.01,24.2
Well 12,5,32.7266,79.6151,4/29/19 10:53,20.54,34.32,6.37,4.14,8,24.12
Well 12,5,32.7266,79.6151,4/29/19 10:53,20.54,34.28,6.34,2.81,8,24.09
Well 12,5,32.7266,79.6151,4/29/19 10:53,20.62,34.24,6.37,2,8,24.04
Well 12,5,32.7266,79.6151,4/29/19 10:54,20.78,32.48,6.49,1.15,8,22.66
Well 12,5,32.7266,79.6151,4/29/19 10:54,21.05,34.22,6.4,-0.04,8,23.91
Well 14,5,32.7479,79.5692,4/29/19 12:08,21.69,33.1,-0.29,-0.03,7.63,22.89
Well 14,5,32.7479,79.5692,4/29/19 12:09,21.31,33.3,5.91,0.94,7.81,23.14
Well 14,5,32.7479,79.5692,4/29/19 12:09,20.97,33.23,6.11,2.08,7.85,23.18
Well 14,5,32.7479,79.5692,4/29/19 12:09,20.8,33.71,6.37,2.88,7.87,23.59
Well 14,5,32.7479,79.5692,4/29/19 12:09,20.63,32.7,6.43,4.15,7.89,22.87
Well 14,5,32.7479,79.5692,4/29/19 12:10,20.57,34.52,6.37,4.95,7.91,24.27
Well 14,5,32.7479,79.5692,4/29/19 12:10,20.5,35.11,6.36,6.01,7.93,24.73
Well 14,5,32.7479,79.5692,4/29/19 12:10,20.4,35.5,6.37,6.87,7.95,25.06
Well 14,5,32.7479,79.5692,4/29/19 12:10,20.33,35.57,6.38,7.72,7.97,25.13
Well 14,5,32.7479,79.5692,4/29/19 12:11,20.32,35.64,6.38,8.99,7.98,25.19
Well 14,5,32.7479,79.5692,4/29/19 12:11,20.32,33.91,6.47,9.7,7.99,23.87
Well 14,5,32.7479,79.5692,4/29/19 12:11,20.33,35.65,6.43,10.75,8,25.19
Well 14,5,32.7479,79.5692,4/29/19 12:11,20.32,35.65,6.4,10.13,8.01,25.19
Well 14,5,32.7479,79.5692,4/29/19 12:11,20.32,35.65,6.44,9.37,8.01,25.19
Well 14,5,32.7479,79.5692,4/29/19 12:12,20.32,35.59,6.41,8.16,8.02,25.15
Well 14,5,32.7479,79.5692,4/29/19 12:12,20.33,35.53,6.43,6.99,8.02,25.1
Well 14,5,32.7479,79.5692,4/29/19 12:12,20.39,35.29,6.43,6.38,8.03,24.9
Well 14,5,32.7479,79.5692,4/29/19 12:13,20.55,34.62,6.5,5.55,8.02,24.35
Well 14,5,32.7479,79.5692,4/29/19 12:13,20.56,34.5,6.48,4.31,8.01,24.26
Well 14,5,32.7479,79.5692,4/29/19 12:13,20.65,34.09,6.41,3.24,8.01,23.92
Well 14,5,32.7479,79.5692,4/29/19 12:13,20.78,33.39,6.51,2.34,8.01,23.35
Well 14,5,32.7479,79.5692,4/29/19 12:14,21.11,33.46,6.58,1.09,8.01,23.32
Well 14,5,32.7479,79.5692,4/29/19 12:14,21.37,33.41,6.6,-0.04,8.01,23.21
Well 14,5,32.7479,79.5692,4/29/19 13:45,22.98,0.07,9.88,-0.04,7.86,-2.34
Well 15,5,32.7878,79.5947,4/29/19 13:45,22.35,33.08,2.15,-0.03,7.88,22.69
Well 15,5,32.7878,79.5947,4/29/19 13:46,21.9,33.24,5.74,1.16,7.91,22.93
Well 15,5,32.7878,79.5947,4/29/19 13:46,21.5,31.46,6.03,2.2,7.91,21.7
Well 15,5,32.7878,79.5947,4/29/19 13:46,20.77,32.09,6.16,3.07,7.93,22.37
Well 15,5,32.7878,79.5947,4/29/19 13:46,20.66,33.95,6.2,3.98,7.95,23.81
Well 15,5,32.7878,79.5947,4/29/19 13:47,20.48,34.26,6.22,4.71,7.96,24.09
Well 15,5,32.7878,79.5947,4/29/19 13:47,20.41,34.66,6.29,6.02,7.96,24.42
Well 15,5,32.7878,79.5947,4/29/19 13:47,20.33,34.97,6.25,7.3,7.97,24.67
Well 15,5,32.7878,79.5947,4/29/19 13:47,20.32,35.05,6.21,8.28,7.98,24.74
Well 15,5,32.7878,79.5947,4/29/19 13:48,20.32,35.16,6.23,8.93,7.99,24.82
Well 15,5,32.7878,79.5947,4/29/19 13:48,20.32,35.26,6.19,10.15,7.99,24.9
Well 15,5,32.7878,79.5947,4/29/19 13:48,20.31,35.27,6.18,11.29,7.99,24.91
Well 15,5,32.7878,79.5947,4/29/19 13:48,20.31,35.27,6.18,11.05,7.99,24.91
Well 15,5,32.7878,79.5947,4/29/19 13:48,20.31,35.26,6.16,10.35,7.99,24.9
Well 15,5,32.7878,79.5947,4/29/19 13:49,20.32,35.17,6.13,9.04,8,24.83
Well 15,5,32.7878,79.5947,4/29/19 13:49,20.32,35.1,6.21,8.4,8,24.78
Well 15,5,32.7878,79.5947,4/29/19 13:49,20.32,34.97,6.22,6.98,8,24.68
Well 15,5,32.7878,79.5947,4/29/19 13:50,20.32,34.82,6.23,6.19,8.01,24.56
Well 15,5,32.7878,79.5947,4/29/19 13:50,20.45,34.28,6.24,5.07,8,24.12
Well 15,5,32.7878,79.5947,4/29/19 13:50,20.68,33.92,6.35,3.83,8,23.78
Well 15,5,32.7878,79.5947,4/29/19 13:51,20.8,32.15,6.42,3.03,8,22.41
Well 15,5,32.7878,79.5947,4/29/19 13:51,21.12,33.51,6.44,1.75,7.99,23.35
Well 15,5,32.7878,79.5947,4/29/19 13:51,21.92,33.28,6.4,0.84,7.99,22.96
Well 15,5,32.7878,79.5947,4/29/19 13:51,22.1,33.35,6.38,-0.03,7.99,22.96
Well 07,6,32.7069,79.6611,5/6/19 10:00,21.62,34.91,6.95,-0.04,7.56,24.28
Well 07,6,32.7069,79.6611,5/6/19 10:01,21.61,34.9,6.88,1.07,7.83,24.27
Well 07,6,32.7069,79.6611,5/6/19 10:01,21.6,34.9,6.88,1.92,7.9,24.28
Well 07,6,32.7069,79.6611,5/6/19 10:20,21.64,34.9,6.71,0.26,7.98,24.27
Well 07,6,32.7069,79.6611,5/6/19 10:21,21.64,34.89,6.77,0.82,8,24.26
Well 07,6,32.7069,79.6611,5/6/19 10:22,21.64,34.89,6.77,2.18,8.01,24.26
Well 07,6,32.7069,79.6611,5/6/19 10:23,21.61,34.89,6.78,3.14,8.01,24.27
Well 07,6,32.7069,79.6611,5/6/19 10:23,21.6,34.9,6.77,4.25,8.02,24.28
Well 07,6,32.7069,79.6611,5/6/19 10:49,21.68,34.87,6.32,0.04,8.01,24.23
Well 07,6,32.7069,79.6611,5/6/19 10:49,21.68,34.87,6.4,1.12,8.02,24.23
Well 07,6,32.7069,79.6611,5/6/19 10:50,21.67,34.87,6.43,2.13,8.03,24.23
Well 07,6,32.7069,79.6611,5/6/19 10:50,21.67,34.87,6.43,2.95,8.03,24.23
Well 07,6,32.7069,79.6611,5/6/19 10:51,21.61,34.93,6.45,4.72,8.04,24.3
Well 07,6,32.7069,79.6611,5/6/19 10:51,21.55,35.02,6.45,5.35,8.04,24.38
Well 07,6,32.7069,79.6611,5/6/19 10:52,21.54,35.05,6.45,6.28,8.05,24.41
Well 07,6,32.7069,79.6611,5/6/19 10:52,21.54,35.06,6.45,7.1,8.05,24.41
Well 07,6,32.7069,79.6611,5/6/19 10:53,21.54,35.07,6.47,8.03,8.05,24.42
Well 07,6,32.7069,79.6611,5/6/19 10:53,21.54,35.06,6.47,9.19,8.05,24.41
Well 07,6,32.7069,79.6611,5/6/19 10:54,21.54,35.07,6.47,9.97,8.05,24.42
Well 07,6,32.7069,79.6611,5/6/19 10:55,21.54,35.07,6.48,11.01,8.05,24.42
Well 07,6,32.7069,79.6611,5/6/19 10:55,21.54,35.07,6.49,11.48,8.05,24.42
Well 07,6,32.7069,79.6611,5/6/19 10:56,21.54,35.07,6.5,11.41,8.05,24.42
Well 09,6,32.7564,79.6632,5/6/19 15:16,22.78,34.1,6.25,0.07,7.98,23.34
Well 09,6,32.7564,79.6632,5/6/19 15:17,22.77,34.11,6.33,1.17,7.99,23.35
Well 09,6,32.7564,79.6632,5/6/19 15:18,22.76,34.12,6.34,2.13,8,23.36
Well 09,6,32.7564,79.6632,5/6/19 15:18,22.68,34.17,6.36,2.99,8,23.42
Well 09,6,32.7564,79.6632,5/6/19 15:19,22.71,34.17,6.34,3.99,8,23.41
Well 09,6,32.7564,79.6632,5/6/19 15:20,22.6,34.2,6.33,5.09,8.01,23.47
Well 09,6,32.7564,79.6632,5/6/19 15:21,22.47,34.25,6.33,5.93,8.02,23.54
Well 09,6,32.7564,79.6632,5/6/19 15:21,22.35,34.32,6.33,6.69,8.02,23.63
Well 09,6,32.7564,79.6632,5/6/19 15:22,22.06,34.47,6.28,7.58,8.03,23.82
Well 09,6,32.7564,79.6632,5/6/19 15:23,21.98,34.7,6.26,9.71,8.03,24.02
Well 14,6,32.7479,79.5692,5/6/19 12:33,22.41,34.48,6.08,0.08,7.98,23.73
Well 14,6,32.7479,79.5692,5/6/19 12:34,22.45,34.46,6.31,0.15,8,23.7
Well 14,6,32.7479,79.5692,5/6/19 12:35,22.44,34.47,6.34,1.18,8,23.72
Well 14,6,32.7479,79.5692,5/6/19 12:35,22.44,34.47,6.39,2.33,8.01,23.72
Well 14,6,32.7479,79.5692,5/6/19 12:36,22.43,34.47,6.39,3.29,8.01,23.72
Well 14,6,32.7479,79.5692,5/6/19 12:36,22.38,34.51,6.42,4.09,8.02,23.76
Well 14,6,32.7479,79.5692,5/6/19 12:36,22.3,34.62,6.45,5.19,8.02,23.87
Well 14,6,32.7479,79.5692,5/6/19 12:37,22.2,34.75,6.46,6.07,8.03,24
Well 14,6,32.7479,79.5692,5/6/19 12:38,21.97,34.95,6.45,7.29,8.04,24.21
Well 14,6,32.7479,79.5692,5/6/19 12:38,21.83,35.05,6.44,8.25,8.04,24.33
Well 14,6,32.7479,79.5692,5/6/19 12:39,21.8,35.07,6.45,9,8.05,24.35
Well 14,6,32.7479,79.5692,5/6/19 12:40,21.8,35.07,6.46,9.86,8.05,24.35
Well 14,6,32.7479,79.5692,5/6/19 12:40,21.8,35.07,6.43,11.62,8.05,24.35
Well 14,6,32.7479,79.5692,5/6/19 12:41,21.8,35.07,6.43,12.64,8.05,24.35
Well 15,6,32.7878,79.5947,5/6/19 14:07,22.82,34.09,6.12,0.07,7.97,23.32
Well 15,6,32.7878,79.5947,5/6/19 14:08,22.78,34.08,6.34,1.21,7.97,23.32
Well 15,6,32.7878,79.5947,5/6/19 14:09,22.73,34.09,6.37,2.19,7.98,23.35
Well 15,6,32.7878,79.5947,5/6/19 14:09,22.73,34.09,6.39,3.11,7.99,23.35
Well 15,6,32.7878,79.5947,5/6/19 14:10,22.62,34.14,6.4,4,7.99,23.41
Well 15,6,32.7878,79.5947,5/6/19 14:11,22.29,34.41,6.38,5.52,8,23.71
Well 15,6,32.7878,79.5947,5/6/19 14:11,22.19,34.5,6.39,6.37,8.01,23.81
Well 15,6,32.7878,79.5947,5/6/19 14:11,22.19,34.51,6.36,7.55,8.01,23.82
Well 15,6,32.7878,79.5947,5/6/19 14:12,22.18,34.51,6.36,8.48,8.01,23.82
Well 15,6,32.7878,79.5947,5/6/19 14:12,22.18,34.52,6.36,9.9,8.02,23.83
Well 15,6,32.7878,79.5947,5/6/19 14:13,22.18,34.52,6.32,10.72,8.02,23.83
Well 15,6,32.7878,79.5947,5/6/19 14:13,22.18,34.48,6.31,11.15,8.02,23.8
SNZ 02,8,32.6767,79.5537,5/23/19 16:41,25.87,34.67,4.56,0.36,8.07,22.85
SNZ 02,8,32.6767,79.5537,5/23/19 16:42,25.89,34.67,4.64,1.2,8.07,22.84
SNZ 02,8,32.6767,79.5537,5/23/19 16:42,25.68,34.68,4.64,3.18,8.07,22.92
SNZ 02,8,32.6767,79.5537,5/23/19 16:43,25.14,34.65,4.65,4.2,8.07,23.06
SNZ 02,8,32.6767,79.5537,5/23/19 16:43,24.97,34.73,4.61,6.34,8.07,23.17
SNZ 02,8,32.6767,79.5537,5/23/19 16:44,24.74,34.84,4.57,7.27,8.07,23.32
SNZ 02,8,32.6767,79.5537,5/23/19 16:44,24.35,35,4.53,8.01,8.07,23.56
SNZ 02,8,32.6767,79.5537,5/23/19 16:45,23.94,35.09,4.51,9.23,8.07,23.75
SNZ 02,8,32.6767,79.5537,5/23/19 16:45,23.79,35.12,4.45,9.77,8.07,23.82
SNZ 02,8,32.6767,79.5537,5/23/19 16:46,23.46,35.24,4.41,11.66,8.07,24.01
SNZ 03,8,32.7093,79.5196,5/23/19 15:40,25.89,34.63,4.78,0.07,8.06,22.81
SNZ 03,8,32.7093,79.5196,5/23/19 15:40,25.86,34.63,4.96,1.54,8.06,22.82
SNZ 03,8,32.7093,79.5196,5/23/19 15:41,25.21,34.64,5.28,3.12,8.06,23.03
SNZ 03,8,32.7093,79.5196,5/23/19 15:41,25.12,34.66,5.12,4.3,8.06,23.07
SNZ 03,8,32.7093,79.5196,5/23/19 15:42,24.94,34.74,4.92,5.35,8.07,23.19
SNZ 03,8,32.7093,79.5196,5/23/19 15:42,24.62,34.89,4.83,7.09,8.07,23.4
SNZ 03,8,32.7093,79.5196,5/23/19 15:43,23.95,35.12,4.81,8.74,8.07,23.77
SNZ 03,8,32.7093,79.5196,5/23/19 15:43,23.75,35.17,4.75,10.55,8.07,23.87
SNZ 03,8,32.7093,79.5196,5/23/19 15:44,23.72,35.18,4.69,11,8.07,23.88
SNZ 03,8,32.7093,79.5196,5/23/19 15:44,23.68,35.18,4.65,11.86,8.06,23.9
SNZ 04,8,32.7422,79.4791,5/23/19 14:09,25.85,34.61,5.14,0.38,8.06,22.81
SNZ 04,8,32.7422,79.4791,5/23/19 14:09,25.8,34.64,5.15,1.63,8.06,22.85
SNZ 04,8,32.7422,79.4791,5/23/19 14:10,25.29,34.62,5.14,3.05,8.06,22.99
SNZ 04,8,32.7422,79.4791,5/23/19 14:10,25.05,34.61,5.08,4.19,8.06,23.06
SNZ 04,8,32.7422,79.4791,5/23/19 14:11,24.96,34.63,5.02,5.86,8.07,23.1
SNZ 04,8,32.7422,79.4791,5/23/19 14:11,24.85,34.64,4.95,6.89,8.07,23.14
SNZ 04,8,32.7422,79.4791,5/23/19 14:12,23.87,35.07,4.91,8.63,8.06,23.76
SNZ 04,8,32.7422,79.4791,5/23/19 14:12,23.78,35.11,4.85,9.93,8.06,23.81
SNZ 04,8,32.7422,79.4791,5/23/19 14:13,23.73,35.14,4.79,11.87,8.06,23.85
Well 07,8,32.7069,79.6611,5/23/19 9:31,24.82,34.35,3.69,0.42,8.04,22.93
Well 07,8,32.7069,79.6611,5/23/19 9:31,24.69,34.34,3.82,1.07,8.04,22.96
Well 07,8,32.7069,79.6611,5/23/19 9:32,24.66,34.34,3.83,2.01,8.04,22.97
Well 07,8,32.7069,79.6611,5/23/19 9:32,24.64,34.35,3.82,2.96,8.04,22.98
Well 07,8,32.7069,79.6611,5/23/19 9:33,24.63,34.35,3.82,3.9,8.04,22.99
Well 07,8,32.7069,79.6611,5/23/19 9:33,24.61,34.36,3.77,5.58,8.04,23
Well 07,8,32.7069,79.6611,5/23/19 9:34,24.61,34.38,3.71,7.12,8.04,23.02
Well 07,8,32.7069,79.6611,5/23/19 9:34,24.14,34.62,3.66,8.86,8.04,23.34
Well 07,8,32.7069,79.6611,5/23/19 9:35,24.02,34.68,3.6,11.06,8.03,23.42
Well 07,8,32.7069,79.6611,5/23/19 9:36,23.97,34.7,3.54,11.46,8.03,23.45
Well 12,8,32.7266,79.6151,5/23/19 11:25,24.85,34.58,5.18,0.45,8.04,23.09
Well 12,8,32.7266,79.6151,5/23/19 11:26,24.91,34.56,5.17,1.42,8.04,23.06
Well 12,8,32.7266,79.6151,5/23/19 11:26,24.72,34.58,5.13,2.09,8.04,23.13
Well 12,8,32.7266,79.6151,5/23/19 11:27,24.5,34.63,5.04,3.35,8.04,23.24
Well 12,8,32.7266,79.6151,5/23/19 11:28,24.47,34.64,4.97,5.11,8.04,23.25
Well 12,8,32.7266,79.6151,5/23/19 11:28,24.42,34.65,4.88,6.67,8.04,23.28
Well 12,8,32.7266,79.6151,5/23/19 11:29,24.37,34.66,4.83,7.74,8.04,23.3
Well 12,8,32.7266,79.6151,5/23/19 11:29,24.36,34.66,4.77,8.57,8.05,23.3
Well 12,8,32.7266,79.6151,5/23/19 11:30,24.34,34.66,4.72,9.83,8.05,23.31
Well 12,8,32.7266,79.6151,5/23/19 11:30,24.34,34.66,4.66,10.29,8.05,23.31
Well 14,8,32.7479,79.5692,5/23/19 13:01,25.68,34.59,4.43,0.3,8.05,22.85
Well 14,8,32.7479,79.5692,5/23/19 13:02,25.17,34.57,4.4,1.7,8.05,22.99
Well 14,8,32.7479,79.5692,5/23/19 13:02,24.76,34.65,4.38,2.73,8.06,23.17
Well 14,8,32.7479,79.5692,5/23/19 13:03,24.68,34.67,4.35,4.97,8.06,23.21
Well 14,8,32.7479,79.5692,5/23/19 13:04,24.59,34.71,4.3,6.69,8.06,23.27
Well 14,8,32.7479,79.5692,5/23/19 13:04,24.52,34.74,4.27,8.05,8.06,23.31
Well 14,8,32.7479,79.5692,5/23/19 13:05,24.43,34.77,4.24,8.81,8.06,23.36
Well 14,8,32.7479,79.5692,5/23/19 13:05,24.31,34.81,4.22,10.77,8.06,23.43
Well 14,8,32.7479,79.5692,5/23/19 13:06,24.3,34.81,4.18,11.4,8.06,23.43
Well 14,8,32.7479,79.5692,5/23/19 13:06,24.3,34.81,4.13,12.88,8.07,23.43
Well 14,9,32.7479,79.5692,8/5/19 10:02,27.95,36.34,3.88,0.1,7.59,23.44
Well 14,9,32.7479,79.5692,8/5/19 10:02,28.03,36.13,3.67,1.05,7.78,23.26
Well 14,9,32.7479,79.5692,8/5/19 10:03,27.99,36.13,3.67,1.96,7.83,23.27
Well 14,9,32.7479,79.5692,8/5/19 10:03,27.93,36.16,3.65,2.97,7.85,23.31
Well 14,9,32.7479,79.5692,8/5/19 10:04,27.9,36.18,3.62,4.01,7.87,23.34
Well 14,9,32.7479,79.5692,8/5/19 10:04,27.88,36.19,3.58,5.03,7.88,23.35
Well 14,9,32.7479,79.5692,8/5/19 10:05,27.87,36.2,3.56,5.97,7.89,23.36
Well 14,9,32.7479,79.5692,8/5/19 10:06,27.86,36.2,3.52,7.08,7.9,23.37
Well 14,9,32.7479,79.5692,8/5/19 10:06,27.85,36.21,3.51,7.92,7.9,23.38
Well 14,9,32.7479,79.5692,8/5/19 10:07,27.85,36.19,3.49,8.86,7.9,23.36
Well 14,9,32.7479,79.5692,8/5/19 10:08,27.84,36.21,3.49,10.17,7.9,23.38
Well 14,9,32.7479,79.5692,8/5/19 10:08,27.84,36.21,3.46,11.04,7.91,23.38
Well 14,9,32.7479,79.5692,8/5/19 10:08,27.84,36.19,3.46,12.1,7.91,23.37
Well 14,9,32.7479,79.5692,8/5/19 10:09,27.84,36.19,3.45,12.97,7.91,23.37
Well 15,9,32.7878,79.5947,8/5/19 11:08,28.25,36.06,4,0.14,7.9,23.13
Well 15,9,32.7878,79.5947,8/5/19 11:10,28.21,36.05,4.03,1.03,7.9,23.14
Well 15,9,32.7878,79.5947,8/5/19 11:10,28.06,36.05,4.02,2.01,7.9,23.19
Well 15,9,32.7878,79.5947,8/5/19 11:11,28.04,36.04,3.99,3.02,7.9,23.19
Well 15,9,32.7878,79.5947,8/5/19 11:11,28.02,36.06,3.99,4,7.9,23.21
Well 15,9,32.7878,79.5947,8/5/19 11:12,28,36.06,3.94,5,7.9,23.22
Well 15,9,32.7878,79.5947,8/5/19 11:13,28,36.05,3.92,6.05,7.9,23.21
Well 15,9,32.7878,79.5947,8/5/19 11:13,27.99,36.05,3.91,6.95,7.9,23.21
Well 15,9,32.7878,79.5947,8/5/19 11:14,27.99,36.06,3.89,8.15,7.9,23.22
Well 15,9,32.7878,79.5947,8/5/19 11:15,27.99,36.07,3.87,9.06,7.9,23.23
Well 15,9,32.7878,79.5947,8/5/19 11:15,27.99,36.06,3.85,10.09,7.9,23.22
Well 15,9,32.7878,79.5947,8/5/19 11:16,27.99,36.07,3.85,10.98,7.9,23.23
Well 15,9,32.7878,79.5947,8/5/19 11:16,27.99,36.08,3.84,12.05,7.9,23.23
Well 15,9,32.7878,79.5947,8/5/19 11:17,27.99,36.09,3.82,12.09,7.9,23.24
Well 11,9,32.767088,79.641376,8/5/19 13:08,28.93,36.12,4.29,0.09,7.87,22.95
Well 11,9,32.767088,79.641376,8/5/19 13:09,28.59,36.14,4.28,1.06,7.89,23.08
Well 11,9,32.767088,79.641376,8/5/19 13:10,28.15,36.12,4.25,2.07,7.9,23.21
Well 11,9,32.767088,79.641376,8/5/19 13:11,28.08,36.12,4.23,3.01,7.91,23.23
Well 11,9,32.767088,79.641376,8/5/19 13:12,28.04,36.12,4.18,4.13,7.91,23.25
Well 11,9,32.767088,79.641376,8/5/19 13:12,28.02,36.11,4.15,5.03,7.91,23.25
Well 11,9,32.767088,79.641376,8/5/19 13:13,28,36.1,4.14,5.98,7.92,23.25
Well 11,9,32.767088,79.641376,8/5/19 13:13,27.97,36.09,4.11,7.01,7.92,23.25
Well 11,9,32.767088,79.641376,8/5/19 13:14,27.97,36.1,4.11,8.02,7.92,23.26
Well 11,9,32.767088,79.641376,8/5/19 13:15,27.97,36.09,4.07,8.99,7.92,23.25
Well 11,9,32.767088,79.641376,8/5/19 13:15,27.97,36.09,4.07,10.02,7.92,23.25
Well 11,9,32.767088,79.641376,8/5/19 13:16,27.96,36.1,4.05,11.19,7.92,23.26
Well 11,9,32.767088,79.641376,8/5/19 13:16,27.96,36.09,4.04,11.29,7.92,23.25
SNZ 03,9,32.70929,79.51962,8/6/19 8:42,27.81,36.37,3.69,0.1,7.94,23.51
SNZ 03,9,32.70929,79.51962,8/6/19 8:42,27.8,36.4,3.71,1.14,7.97,23.54
SNZ 03,9,32.70929,79.51962,8/6/19 8:43,27.81,36.38,3.7,2.39,7.98,23.52
SNZ 03,9,32.70929,79.51962,8/6/19 8:43,27.81,36.39,3.69,2.81,7.99,23.53
SNZ 03,9,32.70929,79.51962,8/6/19 8:44,27.81,36.38,3.67,4.17,8,23.52
SNZ 03,9,32.70929,79.51962,8/6/19 8:44,27.81,36.39,3.68,5.3,8,23.53
SNZ 03,9,32.70929,79.51962,8/6/19 8:45,27.81,36.39,3.66,5.71,8,23.53
SNZ 03,9,32.70929,79.51962,8/6/19 8:45,27.81,36.41,3.65,7.1,8.01,23.54
SNZ 03,9,32.70929,79.51962,8/6/19 8:46,27.81,36.4,3.65,8.12,8.01,23.53
SNZ 03,9,32.70929,79.51962,8/6/19 8:47,27.81,36.41,3.63,9.36,8.02,23.54
SNZ 03,9,32.70929,79.51962,8/6/19 8:47,27.81,36.39,3.61,10.05,8.02,23.53
SNZ 03,9,32.70929,79.51962,8/6/19 8:48,27.81,36.41,3.59,11.25,8.02,23.54
SNZ 03,9,32.70929,79.51962,8/6/19 8:48,27.81,36.4,3.58,12.04,8.02,23.53
SNZ 03,9,32.70929,79.51962,8/6/19 8:49,27.81,36.4,3.58,13.23,8.03,23.53
Well 12,9,32.726637,79.615086,8/6/19 10:12,28.19,35.82,4.08,0.12,8.01,22.97
Well 12,9,32.726637,79.615086,8/6/19 10:13,28.2,35.82,4.14,1.22,8.01,22.97
Well 12,9,32.726637,79.615086,8/6/19 10:14,28.2,35.85,4.16,2.07,8.02,22.99
Well 12,9,32.726637,79.615086,8/6/19 10:15,28.19,36.06,4.13,3.06,8.02,23.15
Well 12,9,32.726637,79.615086,8/6/19 10:15,28.17,36.19,4.13,3.95,8.03,23.26
Well 12,9,32.726637,79.615086,8/6/19 10:15,28.16,36.25,4.12,4.86,8.03,23.31
Well 12,9,32.726637,79.615086,8/6/19 10:16,28.14,36.36,4.11,6.12,8.04,23.4
Well 12,9,32.726637,79.615086,8/6/19 10:16,28.14,36.38,4.09,7.04,8.04,23.41
Well 12,9,32.726637,79.615086,8/6/19 10:17,28.13,36.42,4.06,8.22,8.04,23.44
Well 12,9,32.726637,79.615086,8/6/19 10:17,28.13,36.42,4.05,9.13,8.04,23.44
Well 12,9,32.726637,79.615086,8/6/19 10:18,28.14,36.41,4.04,10.27,8.04,23.43
Well 12,9,32.726637,79.615086,8/6/19 10:18,28.14,36.42,4.05,10.35,8.04,23.44
Well 7,9,32.706873,79.661068,8/6/19 11:48,28.93,34.23,4.77,0.17,7.97,21.53
Well 7,9,32.706873,79.661068,8/6/19 11:49,28.86,34.24,4.74,1.09,7.97,21.56
Well 7,9,32.706873,79.661068,8/6/19 11:49,28.54,34.24,4.72,2.46,7.97,21.67
Well 7,9,32.706873,79.661068,8/6/19 11:50,28.44,34.74,4.65,3.1,7.98,22.08
Well 7,9,32.706873,79.661068,8/6/19 11:50,28.28,35.59,4.59,4.11,8,22.77
Well 7,9,32.706873,79.661068,8/6/19 11:51,28.24,35.96,4.57,5.07,8.01,23.06
Well 7,9,32.706873,79.661068,8/6/19 11:51,28.17,36.29,4.55,6.34,8.02,23.33
Well 7,9,32.706873,79.661068,8/6/19 11:51,28.15,36.4,4.49,7.18,8.02,23.42
Well 7,9,32.706873,79.661068,8/6/19 11:52,28.14,36.38,4.45,8.02,8.03,23.41
Well 7,9,32.706873,79.661068,8/6/19 11:53,28.15,36.36,4.46,9.19,8.03,23.39
Well 7,9,32.706873,79.661068,8/6/19 11:53,28.14,36.4,4.46,10.35,8.03,23.43
Well 7,9,32.706873,79.661068,8/6/19 11:53,28.14,36.39,4.46,11.38,8.04,23.42
Well 7,9,32.706873,79.661068,8/6/19 11:54,28.14,36.39,4.44,11.72,8.04,23.42
Well 7,9,32.706873,79.661068,8/6/19 11:55,28.14,36.39,4.45,12.16,8.04,23.42
SNZ 07,12,32.6448,79.2124,9/6/21 9:22,26.07,35.6,7.26,0.14,8.15,23.49
SNZ 07,12,32.6448,79.2124,9/6/21 9:23,26.13,33.84,5.07,1.21,7.83,22.14
SNZ 07,12,32.6448,79.2124,9/6/21 9:23,26.13,35.56,5.06,2.1,7.79,23.44
SNZ 07,12,32.6448,79.2124,9/6/21 9:23,26.13,35.56,5.15,3.03,7.75,23.44
SNZ 07,12,32.6448,79.2124,9/6/21 9:24,26.11,35.6,5.14,4.02,7.74,23.48
SNZ 07,12,32.6448,79.2124,9/6/21 9:24,25.92,35.85,5.17,4.98,7.71,23.72
SNZ 07,12,32.6448,79.2124,9/6/21 9:25,25.49,36.59,5.1,6.4,7.69,24.42
SNZ 07,12,32.6448,79.2124,9/6/21 9:25,25.12,36.55,5.19,7.03,7.67,24.5
SNZ 07,12,32.6448,79.2124,9/6/21 9:26,24.85,36.42,5.27,8.24,7.67,24.48
SNZ 07,12,32.6448,79.2124,9/6/21 9:26,24.54,36.43,5.33,9.23,7.66,24.58
SNZ 07,12,32.6448,79.2124,9/6/21 9:27,24.2,36.51,5.33,9.67,7.66,24.75
SNZ 07,12,32.6448,79.2124,9/6/21 9:27,24.17,36.53,5.34,10.86,7.65,24.77
Well 7,12,32.706873,79.661068,9/6/21 13:49,25.76,34.16,8.5,0.28,7.72,22.5
Well 7,12,32.706873,79.661068,9/6/21 13:49,25.79,32.27,5.11,1.12,7.67,21.07
Well 7,12,32.706873,79.661068,9/6/21 13:50,25.78,34.12,4.95,1.86,7.67,22.46
Well 7,12,32.706873,79.661068,9/6/21 13:50,25.57,34.36,5.05,3.1,7.66,22.71
Well 7,12,32.706873,79.661068,9/6/21 13:50,25.35,32.98,5.04,3.97,7.64,21.74
Well 7,12,32.706873,79.661068,9/6/21 13:51,24.88,35.59,4.89,5.12,7.64,23.85
Well 7,12,32.706873,79.661068,9/6/21 13:51,24.34,36.03,4.85,6.22,7.63,24.34
Well 7,12,32.706873,79.661068,9/6/21 13:51,24.27,36.08,4.85,7.04,7.62,24.4
Well 7,12,32.706873,79.661068,9/6/21 13:52,24.25,36.09,5.03,7.59,7.63,24.41
Well 7,12,32.706873,79.661068,9/6/21 13:52,24.25,34.26,5.54,7.75,7.63,23.03
Well 7,12,32.706873,79.661068,9/6/21 13:52,24.25,36.1,4.9,9.43,7.64,24.42
Well 7,12,32.706873,79.661068,9/6/21 13:52,24.25,34.23,4.73,10.48,7.64,23.01
Well 7,12,32.706873,79.661068,9/6/21 13:53,24.25,36.1,5.08,10.37,7.64,24.42
Well 9,12,32.7564,79.6632,10/6/21 12:21,25.89,34.17,7.98,0.13,7.67,22.47
Well 9,12,32.7564,79.6632,10/6/21 12:21,25.72,34.24,3.77,1.38,7.7,22.57
Well 9,12,32.7564,79.6632,10/6/21 12:21,25.66,34.32,4.12,2.17,7.69,22.65
Well 9,12,32.7564,79.6632,10/6/21 12:21,25.49,34.64,4.38,2.97,7.68,22.94
Well 9,12,32.7564,79.6632,10/6/21 12:22,24.95,35.34,4.24,4.01,7.69,23.64
Well 9,12,32.7564,79.6632,10/6/21 12:22,24.57,35.81,4.41,5.01,7.7,24.11
Well 9,12,32.7564,79.6632,10/6/21 12:23,24.5,35.88,4.35,6.38,7.7,24.18
Well 9,12,32.7564,79.6632,10/6/21 12:23,24.47,35.91,4.16,7.31,7.71,24.21
Well 9,12,32.7564,79.6632,10/6/21 12:23,24.44,35.93,4.41,8.05,7.72,24.24
Well 9,12,32.7564,79.6632,10/6/21 12:23,24.43,35.94,4.4,8.98,7.73,24.25
Well 11,12,32.767088,79.641376,10/6/21 9:18,24.85,35.64,3.87,0.33,7.89,23.89
Well 11,12,32.767088,79.641376,10/6/21 9:18,24.85,35.63,3.89,1.03,7.88,23.89
Well 11,12,32.767088,79.641376,10/6/21 9:19,24.87,35.61,3.93,2.32,7.88,23.87
Well 11,12,32.767088,79.641376,10/6/21 9:19,24.83,34.13,4.26,3.03,7.87,22.76
Well 11,12,32.767088,79.641376,10/6/21 9:19,24.74,34.02,4.27,4.11,7.86,22.7
Well 11,12,32.767088,79.641376,10/6/21 9:20,24.6,35.82,3.94,4.56,7.87,24.11
Well 11,12,32.767088,79.641376,10/6/21 9:20,24.51,35.89,4.41,6,7.87,24.19
Well 11,12,32.767088,79.641376,10/6/21 9:21,24.48,35.93,4.26,7.07,7.87,24.22
Well 11,12,32.767088,79.641376,10/6/21 9:21,24.47,35.94,4.31,7.8,7.86,24.24
Well 11,12,32.767088,79.641376,10/6/21 9:22,24.46,35.94,4.26,9.57,7.87,24.24
Well 11,12,32.767088,79.641376,10/6/21 9:22,24.45,35.95,4.15,10.3,7.86,24.25
SNZ 02,14,32.6767,79.5537,7/13/21 12:28,28,33.24,0.59,0.39,7.02,21.1
SNZ 02,14,32.6767,79.5537,7/13/21 12:29,28,33.24,0.6,0.98,7.06,21.1
SNZ 02,14,32.6767,79.5537,7/13/21 12:29,27.97,33.24,0.37,1.93,7.07,21.11
SNZ 02,14,32.6767,79.5537,7/13/21 12:29,27.87,33.22,0.32,3.16,7.08,21.12
SNZ 02,14,32.6767,79.5537,7/13/21 12:29,27.7,33.22,0.36,4.05,7.08,21.18
SNZ 02,14,32.6767,79.5537,7/13/21 12:30,27.55,33.32,0.34,5.24,7.08,21.3
SNZ 02,14,32.6767,79.5537,7/13/21 12:30,27.39,33.4,0.38,5.91,7.09,21.41
SNZ 02,14,32.6767,79.5537,7/13/21 12:30,27.13,33.54,0.37,7.3,7.08,21.6
SNZ 02,14,32.6767,79.5537,7/13/21 12:30,27,33.6,0.31,8.34,7.09,21.69
SNZ 02,14,32.6767,79.5537,7/13/21 12:30,26.85,33.68,0.35,9.08,7.09,21.8
SNZ 02,14,32.6767,79.5537,7/13/21 12:31,26.31,33.98,0.31,10.15,7.09,22.19
SNZ 02,14,32.6767,79.5537,7/13/21 12:31,26.05,34.13,0.29,11.04,7.09,22.39
SNZ 02,14,32.6767,79.5537,7/13/21 12:31,26.03,34.14,0.34,12.36,7.09,22.4
SNZ 06,14,32.5862,79.2729,7/13/21 9:50,27.12,34.07,0.17,0.31,6.65,22
SNZ 06,14,32.5862,79.2729,7/13/21 9:50,27.12,34.07,0.04,0.86,6.72,22
SNZ 06,14,32.5862,79.2729,7/13/21 9:50,27.12,34.07,0.07,2.1,6.74,22
SNZ 06,14,32.5862,79.2729,7/13/21 9:51,27.11,34.08,0.08,3.17,6.76,22.02
SNZ 06,14,32.5862,79.2729,7/13/21 9:51,27.1,34.09,0.19,4.34,6.77,22.03
SNZ 06,14,32.5862,79.2729,7/13/21 9:51,27.09,34.1,0.09,5.29,6.79,22.04
SNZ 06,14,32.5862,79.2729,7/13/21 9:52,27.08,34.11,0.08,6.14,6.81,22.05
SNZ 06,14,32.5862,79.2729,7/13/21 9:52,27.07,34.11,0.08,7.19,6.82,22.05
SNZ 06,14,32.5862,79.2729,7/13/21 9:52,27.07,34.11,0.09,8.16,6.83,22.05
SNZ 06,14,32.5862,79.2729,7/13/21 9:53,26.91,34.19,0.05,9.02,6.85,22.16
SNZ 06,14,32.5862,79.2729,7/13/21 9:53,26.82,34.18,0.13,10.1,6.86,22.18
SNZ 06,14,32.5862,79.2729,7/13/21 9:53,26.78,34.19,0.09,11.07,6.87,22.2
SNZ 06,14,32.5862,79.2729,7/13/21 9:54,26.75,34.19,0.09,12.44,6.88,22.21
Well 12,14,32.726637,79.615086,7/13/21 15:21,28.81,32.37,0.58,0.57,6.86,20.18
Well 12,14,32.726637,79.615086,7/13/21 15:21,28.76,32.36,0.6,0.99,6.94,20.19
Well 12,14,32.726637,79.615086,7/13/21 15:21,28.44,32.5,0.65,2.11,6.98,20.4
Well 12,14,32.726637,79.615086,7/13/21 15:22,28.1,32.63,0.69,3.22,7.01,20.61
Well 12,14,32.726637,79.615086,7/13/21 15:22,28.03,32.72,0.61,4.17,7.02,20.7
Well 12,14,32.726637,79.615086,7/13/21 15:22,27.97,32.82,0.59,5.03,7.04,20.79
Well 12,14,32.726637,79.615086,7/13/21 15:22,27.8,32.97,0.64,5.92,7.04,20.96
Well 12,14,32.726637,79.615086,7/13/21 15:23,27.16,33.48,0.54,7.08,7.02,21.55
Well 12,14,32.726637,79.615086,7/13/21 15:23,26.91,33.67,0.54,8.04,7.02,21.77
Well 12,14,32.726637,79.615086,7/13/21 15:23,26.87,33.7,0.52,8.95,7.03,21.81
Well 12,14,32.726637,79.615086,7/13/21 15:23,26.86,33.7,0.5,10.04,7.04,21.81
Well 12,14,32.726637,79.615086,7/13/21 15:24,26.86,33.7,0.74,9.66,7.05,21.81
Well 14,14,32.747861,79.569187,7/14/21 9:39,28.57,31.58,0.79,0.33,6.85,19.67
Well 14,14,32.747861,79.569187,7/14/21 9:39,28.55,31.59,0.35,1.01,6.95,19.68
Well 14,14,32.747861,79.569187,7/14/21 9:40,28.46,32.11,0.38,2.13,7.03,20.1
Well 14,14,32.747861,79.569187,7/14/21 9:40,28.35,32.43,0.4,3.39,7.06,20.38
Well 14,14,32.747861,79.569187,7/14/21 9:40,28.23,32.53,0.55,4.11,7.08,20.49
Well 14,14,32.747861,79.569187,7/14/21 9:41,28.01,32.71,0.69,5.23,7.1,20.7
Well 14,14,32.747861,79.569187,7/14/21 9:41,27.75,33.01,0.64,6.04,7.11,21.01
Well 14,14,32.747861,79.569187,7/14/21 9:41,26.87,33.72,0.69,7.24,7.1,21.82
Well 14,14,32.747861,79.569187,7/14/21 9:41,26.47,33.98,0.82,8.21,7.1,22.14
Well 14,14,32.747861,79.569187,7/14/21 9:42,26.45,33.99,0.92,9.19,7.12,22.16
Well 14,14,32.747861,79.569187,7/14/21 9:42,26.44,33.99,1.05,10.24,7.14,22.16
Well 14,14,32.747861,79.569187,7/14/21 9:42,26.44,33.99,1.13,11.01,7.15,22.16
Well 14,14,32.747861,79.569187,7/14/21 9:42,26.44,33.07,1.17,12.22,7.16,21.47
Well 15,14,32.787834,79.594664,7/14/21 12:00,29.39,31.9,4.17,0.394,7.1,19.63
Well 15,14,32.787834,79.594664,7/14/21 12:00,29.14,32.11,3.79,1.146,7.13,19.88
Well 15,14,32.787834,79.594664,7/14/21 12:01,28.6,32.04,3.85,2.073,7.15,20
Well 15,14,32.787834,79.594664,7/14/21 12:01,28.49,32.16,3.82,3.14,7.16,20.13
Well 15,14,32.787834,79.594664,7/14/21 12:01,28.47,30.65,3.97,4.244,7.18,19
Well 15,14,32.787834,79.594664,7/14/21 12:02,28.19,32.65,3.83,4.851,7.19,20.59
Well 15,14,32.787834,79.594664,7/14/21 12:02,27.97,32.85,3.83,6.023,7.19,20.81
Well 15,14,32.787834,79.594664,7/14/21 12:02,27.19,33.49,3.79,7.22,7.17,21.55
Well 15,14,32.787834,79.594664,7/14/21 12:02,27.06,33.58,3.73,7.975,7.18,21.66
Well 15,14,32.787834,79.594664,7/14/21 12:03,27.04,33.6,3.71,8.851,7.18,21.68
Well 15,14,32.787834,79.594664,7/14/21 12:03,27.03,33.6,3.7,10.294,7.2,21.68
Well 15,14,32.787834,79.594664,7/14/21 12:04,27.04,33.6,3.73,11.204,7.22,21.68
Well 15,14,32.787834,79.594664,7/14/21 12:04,27.03,32.09,3.75,12.257,7.21,20.55
Well 14,15,32.747861,79.569187,9/8/21 8:52,27.75,32.91,7.09,0.3,8.14,20.93
Well 14,15,32.747861,79.569187,9/8/21 8:52,27.75,32.91,7.06,1.17,8.1,20.93
Well 14,15,32.747861,79.569187,9/8/21 8:53,27.74,32.91,7.04,1.94,8.06,20.93
Well 14,15,32.747861,79.569187,9/8/21 8:53,27.74,31.35,7.06,3.22,8.02,19.76
Well 14,15,32.747861,79.569187,9/8/21 8:54,27.74,32.93,7,3.97,8,20.95
Well 14,15,32.747861,79.569187,9/8/21 8:54,27.7,32.98,6.97,4.95,7.98,21
Well 14,15,32.747861,79.569187,9/8/21 8:55,26.82,33.72,6.87,6.07,7.95,21.84
Well 14,15,32.747861,79.569187,9/8/21 8:55,26.58,33.96,6.85,6.89,7.94,22.09
Well 14,15,32.747861,79.569187,9/8/21 8:55,26.51,34.02,6.74,7.27,7.93,22.16
Well 14,15,32.747861,79.569187,9/8/21 8:56,26.5,34.02,6.7,9.26,7.92,22.16
Well 14,15,32.747861,79.569187,9/8/21 8:56,26.5,34.02,6.66,10.34,7.91,22.16
Well 14,15,32.747861,79.569187,9/8/21 8:57,26.5,34.02,6.64,11.11,7.91,22.16
Well 14,15,32.747861,79.569187,9/8/21 8:57,26.5,34.02,6.63,11.69,7.9,22.16
Well 14,15,32.747861,79.569187,9/8/21 8:58,26.5,34.01,6.62,13.08,7.89,22.16
Well 12,15,32.726637,79.615086,9/8/21 10:30,28.05,32.76,6.67,0.13,8.05,20.72
Well 12,15,32.726637,79.615086,9/8/21 10:31,28,32.76,6.71,1,7.99,20.74
Well 12,15,32.726637,79.615086,9/8/21 10:31,27.99,32.75,6.69,2.09,7.98,20.73
Well 12,15,32.726637,79.615086,9/8/21 10:31,27.9,32.75,6.74,2.93,7.97,20.76
Well 12,15,32.726637,79.615086,9/8/21 10:32,27.88,32.77,6.72,4.12,7.95,20.78
Well 12,15,32.726637,79.615086,9/8/21 10:32,27.82,32.85,6.75,5.05,7.94,20.86
Well 12,15,32.726637,79.615086,9/8/21 10:32,27.27,33.44,6.76,6.16,7.93,21.48
Well 12,15,32.726637,79.615086,9/8/21 10:33,26.92,33.76,6.57,7.02,7.9,21.84
Well 12,15,32.726637,79.615086,9/8/21 10:33,26.82,33.87,6.49,7.97,7.9,21.95
Well 12,15,32.726637,79.615086,9/8/21 10:33,26.79,33.88,6.39,9,7.89,21.97
Well 12,15,32.726637,79.615086,9/8/21 10:34,26.79,33.88,6.35,9.96,7.89,21.97
Well 12,15,32.726637,79.615086,9/8/21 10:34,26.79,33.88,6.33,10.61,7.88,21.97
Well 7,15,32.706873,79.661068,9/8/21 12:31,28.44,33.15,6.6,0.37,8.03,20.89
Well 7,15,32.706873,79.661068,9/8/21 12:31,28.43,33.14,6.63,1.21,8,20.88
Well 7,15,32.706873,79.661068,9/8/21 12:31,28.33,33.1,6.67,2.06,7.98,20.88
Well 7,15,32.706873,79.661068,9/8/21 12:31,28.05,33.13,6.74,2.96,7.97,21
Well 7,15,32.706873,79.661068,9/8/21 12:32,27.88,33.19,6.71,4.04,7.95,21.1
Well 7,15,32.706873,79.661068,9/8/21 12:32,27.67,33.24,6.78,6.22,7.93,21.2
Well 7,15,32.706873,79.661068,9/8/21 12:32,27.11,33.65,6.8,6.96,7.92,21.69
Well 7,15,32.706873,79.661068,9/8/21 12:33,27.01,33.72,6.66,8.04,7.9,21.78
Well 7,15,32.706873,79.661068,9/8/21 12:33,27.01,33.73,6.68,9.1,7.9,21.78
Well 7,15,32.706873,79.661068,9/8/21 12:33,27,33.73,6.66,10.06,7.89,21.79
Well 7,15,32.706873,79.661068,9/8/21 12:34,26.99,33.73,6.67,11.22,7.89,21.79
Well 7,15,32.706873,79.661068,9/8/21 12:34,26.99,33.74,6.64,11.33,7.89,21.8
Well 11,15,32.7671,79.6414,10/8/21 8:27,28.24,33.11,6.52,0.57,8.04,20.92
Well 11,15,32.7671,79.6414,10/8/21 8:28,28.24,33.1,6.45,1.23,8.01,20.91
Well 11,15,32.7671,79.6414,10/8/21 8:28,28.23,33.11,6.42,3.06,7.99,20.92
Well 11,15,32.7671,79.6414,10/8/21 8:29,28.11,33.18,6.4,4.27,7.97,21.02
Well 11,15,32.7671,79.6414,10/8/21 8:29,27.78,33.28,6.32,5.21,7.95,21.2
Well 11,15,32.7671,79.6414,10/8/21 8:30,27.16,33.65,6.27,5.94,7.92,21.68
Well 11,15,32.7671,79.6414,10/8/21 8:31,27.08,33.7,6.21,7.07,7.91,21.74
Well 11,15,32.7671,79.6414,10/8/21 8:31,27.08,33.69,6.19,8.04,7.9,21.73
Well 11,15,32.7671,79.6414,10/8/21 8:31,27.07,33.69,6.17,9,7.9,21.73
Well 11,15,32.7671,79.6414,10/8/21 8:32,27.07,33.7,6.16,10.23,7.9,21.74
Well 11,15,32.7671,79.6414,10/8/21 8:32,27.07,33.69,6.16,11.08,7.9,21.73
Well 9,15,32.75636,79.663173,10/8/21 10:04,28.48,29.42,6.72,0.329,8,18.08
Well 9,15,32.75636,79.663173,10/8/21 10:05,28.38,29.4,6.74,1.858,7.96,18.1
Well 9,15,32.75636,79.663173,10/8/21 10:05,28.34,29.31,6.76,3.071,7.95,18.04
Well 9,15,32.75636,79.663173,10/8/21 10:06,28.21,33.07,6.63,4.16,7.94,20.9
Well 9,15,32.75636,79.663173,10/8/21 10:06,28,33.26,6.61,4.949,7.93,21.11
Well 9,15,32.75636,79.663173,10/8/21 10:06,27.64,33.37,6.52,5.872,7.92,21.31
Well 9,15,32.75636,79.663173,10/8/21 10:07,27.3,33.58,6.43,6.817,7.91,21.58
Well 9,15,32.75636,79.663173,10/8/21 10:07,27.29,33.59,6.36,8.061,7.9,21.59
Well 9,15,32.75636,79.663173,10/8/21 10:07,27.26,33.59,6.28,8.945,7.9,21.6
Well 9,15,32.75636,79.663173,10/8/21 10:07,27.26,33.6,6.22,9.999,7.89,21.61
Well 9,15,32.75636,79.663173,10/8/21 10:08,27.24,33.61,6.15,11.159,7.89,21.62
Well 9,15,32.75636,79.663173,10/8/21 10:08,27.23,33.62,6.09,11.951,7.88,21.63
Well 9,15,32.75636,79.663173,10/8/21 10:08,27.22,33.63,5.99,13.071,7.88,21.64